{
  "project_info": {
    "project_number": "854043594164",
    "firebase_url": "https://timetable-9e666-default-rtdb.europe-west1.firebasedatabase.app",
    "project_id": "timetable-9e666",
    "storage_bucket": "timetable-9e666.appspot.com"
  },
  "client": [
    {
      "client_info": {
        "mobilesdk_app_id": "1:854043594164:android:b1f4d99331637e06d236e1",
        "android_client_info": {
          "package_name": "com.appsforfun.project.TimeTb"
        }
      },
      "oauth_client": [
        {
          "client_id": "854043594164-m1fs6kh703e3les8lpsh7hc7diq4278v.apps.googleusercontent.com",
          "client_type": 3
        }
      ],
      "api_key": [
        {
          "current_key": "AIzaSyAo1Au37p-SpoKl-WQQYy193ry41RPfkRY"
        }
      ],
      "services": {
        "appinvite_service": {
          "other_platform_oauth_client": [
            {
              "client_id": "854043594164-m1fs6kh703e3les8lpsh7hc7diq4278v.apps.googleusercontent.com",
              "client_type": 3
            }
          ]
        }
      }
    }
  ],
  "configuration_version": "1"
}